"Algorithm","Hash","Path"
"SHA256","BEF12F9273AE1A800C706DABA1DA2D65EBFC85566D54BBF19141FD839319576E","C:\Users\adam\Desktop\IncidentResponseToolKit\csv\appEventLogs.csv"
"SHA256","B471D74DC5FF7CA1C1ADFD9AB5A6FDCDB007F5A46796CC65F0C215B99F142BF0","C:\Users\adam\Desktop\IncidentResponseToolKit\csv\networkAdapterConfiguration.csv"
"SHA256","514E918114249BEBC99531110E8F3B8C2993B2E11C55B8DA0AE8B522E3EEF40C","C:\Users\adam\Desktop\IncidentResponseToolKit\csv\processes.csv"
"SHA256","45B99843B6CD9B15C3B83B8B85751122B320EF119EADE3D32B71B68CC6A1BE98","C:\Users\adam\Desktop\IncidentResponseToolKit\csv\psEventLogs.csv"
"SHA256","C5C8B92F36AE8858085554AA0D2E8298B757F48D0BE3178BD71433B529F180BB","C:\Users\adam\Desktop\IncidentResponseToolKit\csv\secEventLogs.csv"
"SHA256","5F3299B1D14D5168A085CB1D494A399E002AB005D21F69C538E5984E8B259629","C:\Users\adam\Desktop\IncidentResponseToolKit\csv\services.csv"
"SHA256","940DB97EC175CFCF425AF23459771BCA8EE44CC3826FE556DFA1260CF4C9C30B","C:\Users\adam\Desktop\IncidentResponseToolKit\csv\sysEventLogs.csv"
"SHA256","BDBAA985B3146ECD4B44F6CD65E74901406B38B891544F6255B7B1429A7C6F62","C:\Users\adam\Desktop\IncidentResponseToolKit\csv\tcpSockets.csv"
"SHA256","F5491A107AA8FC32833A6913189A12CC60E2260330546734113EE257EDC7B9F4","C:\Users\adam\Desktop\IncidentResponseToolKit\csv\users.csv"
