"ProcessName","Path"
"ApplicationFrameHost","C:\Windows\system32\ApplicationFrameHost.exe"
"CalculatorApp","C:\Program Files\WindowsApps\Microsoft.WindowsCalculator_11.2210.0.0_x64__8wekyb3d8bbwe\CalculatorApp.exe"
"Code","C:\Users\adam\AppData\Local\Programs\Microsoft VS Code\Code.exe"
"Code","C:\Users\adam\AppData\Local\Programs\Microsoft VS Code\Code.exe"
"Code","C:\Users\adam\AppData\Local\Programs\Microsoft VS Code\Code.exe"
"Code","C:\Users\adam\AppData\Local\Programs\Microsoft VS Code\Code.exe"
"Code","C:\Users\adam\AppData\Local\Programs\Microsoft VS Code\Code.exe"
"Code","C:\Users\adam\AppData\Local\Programs\Microsoft VS Code\Code.exe"
"Code","C:\Users\adam\AppData\Local\Programs\Microsoft VS Code\Code.exe"
"Code","C:\Users\adam\AppData\Local\Programs\Microsoft VS Code\Code.exe"
"Code","C:\Users\adam\AppData\Local\Programs\Microsoft VS Code\Code.exe"
"Code","C:\Users\adam\AppData\Local\Programs\Microsoft VS Code\Code.exe"
"CodeSetup-stable-704ed70d4fd1c6bd6342c436f1ede30d1cff4710","C:\Users\adam\AppData\Local\Temp\vscode-update-user-x64\CodeSetup-stable-704ed70d4fd1c6bd6342c436f1ede30d1cff4710.exe"
"CodeSetup-stable-704ed70d4fd1c6bd6342c436f1ede30d1cff4710.tmp","C:\Users\adam\AppData\Local\Temp\is-V8A0M.tmp\CodeSetup-stable-704ed70d4fd1c6bd6342c436f1ede30d1cff4710.tmp"
"conhost","C:\Windows\system32\conhost.exe"
"conhost","C:\Windows\system32\conhost.exe"
"conhost","C:\Windows\system32\conhost.exe"
"conhost","C:\Windows\system32\conhost.exe"
"csrss",
"csrss",
"ctfmon","C:\Windows\system32\ctfmon.exe"
"dllhost","C:\Windows\system32\dllhost.exe"
"dllhost","C:\Windows\system32\DllHost.exe"
"dllhost","C:\Windows\system32\DllHost.exe"
"dwm","C:\Windows\system32\dwm.exe"
"explorer","C:\Windows\Explorer.EXE"
"fontdrvhost","C:\Windows\system32\fontdrvhost.exe"
"fontdrvhost","C:\Windows\system32\fontdrvhost.exe"
"git","C:\Program Files\Git\mingw64\libexec\git-core\git.exe"
"Idle",
"LockApp","C:\Windows\SystemApps\Microsoft.LockApp_cw5n1h2txyewy\LockApp.exe"
"lsass","C:\Windows\system32\lsass.exe"
"Memory Compression",
"Microsoft.Photos","C:\Program Files\WindowsApps\Microsoft.Windows.Photos_2023.10030.7003.0_x64__8wekyb3d8bbwe\Microsoft.Photos.exe"
"mmc","C:\Windows\system32\mmc.exe"
"MoUsoCoreWorker","C:\Windows\System32\mousocoreworker.exe"
"MpCopyAccelerator",
"msdtc","C:\Windows\System32\msdtc.exe"
"MsMpEng",
"MusNotifyIcon","C:\Windows\system32\MusNotifyIcon.exe"
"NisSrv",
"OneDrive","C:\Users\adam\AppData\Local\Microsoft\OneDrive\OneDrive.exe"
"PhoneExperienceHost","C:\Program Files\WindowsApps\Microsoft.YourPhone_1.23022.140.0_x64__8wekyb3d8bbwe\PhoneExperienceHost.exe"
"powershell","C:\Windows\SysWOW64\WindowsPowerShell\v1.0\powershell.exe"
"powershell","C:\Windows\SysWOW64\WindowsPowerShell\v1.0\powershell.exe"
"powershell","C:\Windows\System32\WindowsPowerShell\v1.0\powershell.exe"
"powershell_ise","C:\Windows\system32\WindowsPowerShell\v1.0\PowerShell_ISE.exe"
"PowerToys","C:\Program Files\PowerToys\PowerToys.exe"
"PowerToys.AlwaysOnTop","C:\Program Files\PowerToys\modules\AlwaysOnTop\PowerToys.AlwaysOnTop.exe"
"PowerToys.Awake","C:\Program Files\PowerToys\modules\Awake\PowerToys.Awake.exe"
"PowerToys.ColorPickerUI","C:\Program Files\PowerToys\modules\ColorPicker\PowerToys.ColorPickerUI.exe"
"PowerToys.FancyZones","C:\Program Files\PowerToys\modules\FancyZones\PowerToys.FancyZones.exe"
"PowerToys.KeyboardManagerEngine","C:\Program Files\PowerToys\modules\KeyboardManager\KeyboardManagerEngine\PowerToys.KeyboardManagerEngine.exe"
"PowerToys.PowerLauncher","C:\Program Files\PowerToys\modules\launcher\PowerToys.PowerLauncher.exe"
"PowerToys.PowerOCR","C:\Program Files\PowerToys\modules\PowerOCR\PowerToys.PowerOCR.exe"
"prevhost","C:\Windows\system32\prevhost.exe"
"Registry",
"RuntimeBroker","C:\Windows\System32\RuntimeBroker.exe"
"RuntimeBroker","C:\Windows\System32\RuntimeBroker.exe"
"RuntimeBroker","C:\Windows\System32\RuntimeBroker.exe"
"RuntimeBroker","C:\Windows\System32\RuntimeBroker.exe"
"RuntimeBroker","C:\Windows\System32\RuntimeBroker.exe"
"RuntimeBroker","C:\Windows\System32\RuntimeBroker.exe"
"RuntimeBroker","C:\Windows\System32\RuntimeBroker.exe"
"RuntimeBroker","C:\Windows\System32\RuntimeBroker.exe"
"SearchApp","C:\Windows\SystemApps\Microsoft.Windows.Search_cw5n1h2txyewy\SearchApp.exe"
"SearchIndexer","C:\Windows\system32\SearchIndexer.exe"
"SecurityHealthService",
"SecurityHealthSystray","C:\Windows\System32\SecurityHealthSystray.exe"
"services",
"SgrmBroker",
"ShellExperienceHost","C:\Windows\SystemApps\ShellExperienceHost_cw5n1h2txyewy\ShellExperienceHost.exe"
"sihost","C:\Windows\system32\sihost.exe"
"smss",
"spoolsv","C:\Windows\System32\spoolsv.exe"
"StartMenuExperienceHost","C:\Windows\SystemApps\Microsoft.Windows.StartMenuExperienceHost_cw5n1h2txyewy\StartMenuExperienceHost.exe"
"StoreDesktopExtension","C:\Program Files\WindowsApps\Microsoft.WindowsStore_22301.1401.15.0_x64__8wekyb3d8bbwe\WinStore.DesktopExtension\StoreDesktopExtension.exe"
"svchost","C:\Windows\system32\svchost.exe"
"svchost","C:\Windows\system32\svchost.exe"
"svchost","C:\Windows\system32\svchost.exe"
"svchost","C:\Windows\system32\svchost.exe"
"svchost","C:\Windows\system32\svchost.exe"
"svchost","C:\Windows\system32\svchost.exe"
"svchost","C:\Windows\system32\svchost.exe"
"svchost","C:\Windows\system32\svchost.exe"
"svchost","C:\Windows\system32\svchost.exe"
"svchost","C:\Windows\System32\svchost.exe"
"svchost","C:\Windows\system32\svchost.exe"
"svchost","C:\Windows\System32\svchost.exe"
"svchost","C:\Windows\system32\svchost.exe"
"svchost","C:\Windows\system32\svchost.exe"
"svchost","C:\Windows\System32\svchost.exe"
"svchost","C:\Windows\system32\svchost.exe"
"svchost","C:\Windows\system32\svchost.exe"
"svchost","C:\Windows\system32\svchost.exe"
"svchost","C:\Windows\system32\svchost.exe"
"svchost","C:\Windows\system32\svchost.exe"
"svchost","C:\Windows\System32\svchost.exe"
"svchost","C:\Windows\system32\svchost.exe"
"svchost","C:\Windows\System32\svchost.exe"
"svchost","C:\Windows\system32\svchost.exe"
"svchost","C:\Windows\system32\svchost.exe"
"svchost","C:\Windows\system32\svchost.exe"
"svchost","C:\Windows\System32\svchost.exe"
"svchost","C:\Windows\system32\svchost.exe"
"svchost","C:\Windows\System32\svchost.exe"
"svchost","C:\Windows\system32\svchost.exe"
"svchost","C:\Windows\System32\svchost.exe"
"svchost","C:\Windows\system32\svchost.exe"
"svchost","C:\Windows\system32\svchost.exe"
"svchost","C:\Windows\System32\svchost.exe"
"svchost","C:\Windows\system32\svchost.exe"
"svchost","C:\Windows\system32\svchost.exe"
"svchost","C:\Windows\system32\svchost.exe"
"svchost","C:\Windows\System32\svchost.exe"
"svchost","C:\Windows\system32\svchost.exe"
"svchost","C:\Windows\system32\svchost.exe"
"svchost","C:\Windows\system32\svchost.exe"
"svchost","C:\Windows\System32\svchost.exe"
"svchost","C:\Windows\system32\svchost.exe"
"svchost","C:\Windows\System32\svchost.exe"
"svchost","C:\Windows\System32\svchost.exe"
"svchost","C:\Windows\system32\svchost.exe"
"svchost","C:\Windows\system32\svchost.exe"
"svchost","C:\Windows\System32\svchost.exe"
"svchost","C:\Windows\system32\svchost.exe"
"svchost","C:\Windows\system32\svchost.exe"
"svchost","C:\Windows\System32\svchost.exe"
"svchost","C:\Windows\system32\svchost.exe"
"svchost","C:\Windows\system32\svchost.exe"
"svchost","C:\Windows\System32\svchost.exe"
"svchost","C:\Windows\System32\svchost.exe"
"svchost","C:\Windows\System32\svchost.exe"
"svchost","C:\Windows\system32\svchost.exe"
"svchost","C:\Windows\System32\svchost.exe"
"svchost","C:\Windows\System32\svchost.exe"
"svchost","C:\Windows\system32\svchost.exe"
"svchost","C:\Windows\system32\svchost.exe"
"svchost","C:\Windows\System32\svchost.exe"
"svchost","C:\Windows\System32\svchost.exe"
"svchost","C:\Windows\System32\svchost.exe"
"svchost","C:\Windows\system32\svchost.exe"
"svchost","C:\Windows\system32\svchost.exe"
"svchost","C:\Windows\system32\svchost.exe"
"svchost","C:\Windows\System32\svchost.exe"
"svchost",
"svchost","C:\Windows\system32\svchost.exe"
"System",
"SystemSettings","C:\Windows\ImmersiveControlPanel\SystemSettings.exe"
"taskhostw","C:\Windows\system32\taskhostw.exe"
"taskhostw","C:\Windows\system32\taskhostw.exe"
"TextInputHost","C:\Windows\SystemApps\MicrosoftWindows.Client.CBS_cw5n1h2txyewy\TextInputHost.exe"
"UserOOBEBroker","C:\Windows\System32\oobe\UserOOBEBroker.exe"
"VGAuthService","C:\Program Files\VMware\VMware Tools\VMware VGAuth\VGAuthService.exe"
"vm3dservice","C:\Windows\system32\vm3dservice.exe"
"vm3dservice","C:\Windows\system32\vm3dservice.exe"
"vmtoolsd","C:\Program Files\VMware\VMware Tools\vmtoolsd.exe"
"vmtoolsd","C:\Program Files\VMware\VMware Tools\vmtoolsd.exe"
"WindowsPackageManagerServer","C:\Program Files\WindowsApps\Microsoft.DesktopAppInstaller_1.19.10173.0_x64__8wekyb3d8bbwe\WindowsPackageManagerServer.exe"
"wininit",
"winlogon","C:\Windows\system32\winlogon.exe"
"WinStore.App","C:\Program Files\WindowsApps\Microsoft.WindowsStore_22301.1401.15.0_x64__8wekyb3d8bbwe\WinStore.App.exe"
"WmiPrvSE","C:\Windows\system32\wbem\wmiprvse.exe"
