"Name","DisplayName","PathName"
"AJRouter","AllJoyn Router Service","C:\Windows\system32\svchost.exe -k LocalServiceNetworkRestricted -p"
"ALG","Application Layer Gateway Service","C:\Windows\System32\alg.exe"
"AppIDSvc","Application Identity","C:\Windows\system32\svchost.exe -k LocalServiceNetworkRestricted -p"
"Appinfo","Application Information","C:\Windows\system32\svchost.exe -k netsvcs -p"
"AppMgmt","Application Management","C:\Windows\system32\svchost.exe -k netsvcs -p"
"AppReadiness","App Readiness","C:\Windows\System32\svchost.exe -k AppReadiness -p"
"AppVClient","Microsoft App-V Client","C:\Windows\system32\AppVClient.exe"
"AppXSvc","AppX Deployment Service (AppXSVC)","C:\Windows\system32\svchost.exe -k wsappx -p"
"AssignedAccessManagerSvc","AssignedAccessManager Service","C:\Windows\system32\svchost.exe -k AssignedAccessManagerSvc"
"AudioEndpointBuilder","Windows Audio Endpoint Builder","C:\Windows\System32\svchost.exe -k LocalSystemNetworkRestricted -p"
"Audiosrv","Windows Audio","C:\Windows\System32\svchost.exe -k LocalServiceNetworkRestricted -p"
"autotimesvc","Cellular Time","C:\Windows\system32\svchost.exe -k autoTimeSvc"
"AxInstSV","ActiveX Installer (AxInstSV)","C:\Windows\system32\svchost.exe -k AxInstSVGroup"
"BDESVC","BitLocker Drive Encryption Service","C:\Windows\System32\svchost.exe -k netsvcs -p"
"BFE","Base Filtering Engine","C:\Windows\system32\svchost.exe -k LocalServiceNoNetworkFirewall -p"
"BITS","Background Intelligent Transfer Service","C:\Windows\System32\svchost.exe -k netsvcs -p"
"BrokerInfrastructure","Background Tasks Infrastructure Service","C:\Windows\system32\svchost.exe -k DcomLaunch -p"
"BTAGService","Bluetooth Audio Gateway Service","C:\Windows\system32\svchost.exe -k LocalServiceNetworkRestricted"
"BthAvctpSvc","AVCTP service","C:\Windows\system32\svchost.exe -k LocalService -p"
"bthserv","Bluetooth Support Service","C:\Windows\system32\svchost.exe -k LocalService -p"
"camsvc","Capability Access Manager Service","C:\Windows\system32\svchost.exe -k appmodel -p"
"CDPSvc","Connected Devices Platform Service","C:\Windows\system32\svchost.exe -k LocalService -p"
"CertPropSvc","Certificate Propagation","C:\Windows\system32\svchost.exe -k netsvcs"
"ClipSVC","Client License Service (ClipSVC)","C:\Windows\System32\svchost.exe -k wsappx -p"
"cloudidsvc","Microsoft Cloud Identity Service","C:\Windows\system32\svchost.exe -k CloudIdServiceGroup -p"
"COMSysApp","COM+ System Application","C:\Windows\system32\dllhost.exe /Processid:{02D4B3F1-FD88-11D1-960D-00805FC79235}"
"CoreMessagingRegistrar","CoreMessaging","C:\Windows\system32\svchost.exe -k LocalServiceNoNetwork -p"
"CryptSvc","Cryptographic Services","C:\Windows\system32\svchost.exe -k NetworkService -p"
"CscService","Offline Files","C:\Windows\System32\svchost.exe -k LocalSystemNetworkRestricted -p"
"DcomLaunch","DCOM Server Process Launcher","C:\Windows\system32\svchost.exe -k DcomLaunch -p"
"defragsvc","Optimize drives","C:\Windows\system32\svchost.exe -k defragsvc"
"DeviceAssociationService","Device Association Service","C:\Windows\system32\svchost.exe -k LocalSystemNetworkRestricted -p"
"DeviceInstall","Device Install Service","C:\Windows\system32\svchost.exe -k DcomLaunch -p"
"DevQueryBroker","DevQuery Background Discovery Broker","C:\Windows\system32\svchost.exe -k LocalSystemNetworkRestricted -p"
"Dhcp","DHCP Client","C:\Windows\system32\svchost.exe -k LocalServiceNetworkRestricted -p"
"diagnosticshub.standardcollector.service","Microsoft (R) Diagnostics Hub Standard Collector Service","C:\Windows\system32\DiagSvcs\DiagnosticsHub.StandardCollector.Service.exe"
"diagsvc","Diagnostic Execution Service","C:\Windows\System32\svchost.exe -k diagnostics"
"DiagTrack","Connected User Experiences and Telemetry","C:\Windows\System32\svchost.exe -k utcsvc -p"
"DialogBlockingService","DialogBlockingService","C:\Windows\system32\svchost.exe -k DialogBlockingService"
"DispBrokerDesktopSvc","Display Policy Service","C:\Windows\system32\svchost.exe -k LocalService -p"
"DisplayEnhancementService","Display Enhancement Service","C:\Windows\system32\svchost.exe -k LocalSystemNetworkRestricted -p"
"DmEnrollmentSvc","Device Management Enrollment Service","C:\Windows\system32\svchost.exe -k netsvcs -p"
"dmwappushservice","Device Management Wireless Application Protocol (WAP) Push message Routing Service","C:\Windows\system32\svchost.exe -k netsvcs -p"
"Dnscache","DNS Client","C:\Windows\system32\svchost.exe -k NetworkService -p"
"DoSvc","Delivery Optimization","C:\Windows\System32\svchost.exe -k NetworkService -p"
"dot3svc","Wired AutoConfig","C:\Windows\system32\svchost.exe -k LocalSystemNetworkRestricted -p"
"DPS","Diagnostic Policy Service","C:\Windows\System32\svchost.exe -k LocalServiceNoNetwork -p"
"DsmSvc","Device Setup Manager","C:\Windows\system32\svchost.exe -k netsvcs -p"
"DsSvc","Data Sharing Service","C:\Windows\System32\svchost.exe -k LocalSystemNetworkRestricted -p"
"DusmSvc","Data Usage","C:\Windows\System32\svchost.exe -k LocalServiceNetworkRestricted -p"
"Eaphost","Extensible Authentication Protocol","C:\Windows\System32\svchost.exe -k netsvcs -p"
"edgeupdate","Microsoft Edge Update Service (edgeupdate)","""C:\Program Files (x86)\Microsoft\EdgeUpdate\MicrosoftEdgeUpdate.exe"" /svc"
"edgeupdatem","Microsoft Edge Update Service (edgeupdatem)","""C:\Program Files (x86)\Microsoft\EdgeUpdate\MicrosoftEdgeUpdate.exe"" /medsvc"
"EFS","Encrypting File System (EFS)","C:\Windows\System32\lsass.exe"
"embeddedmode","Embedded Mode","C:\Windows\System32\svchost.exe -k LocalSystemNetworkRestricted -p"
"EntAppSvc","Enterprise App Management Service","C:\Windows\system32\svchost.exe -k appmodel -p"
"EventLog","Windows Event Log","C:\Windows\System32\svchost.exe -k LocalServiceNetworkRestricted -p"
"EventSystem","COM+ Event System","C:\Windows\system32\svchost.exe -k LocalService -p"
"Fax","Fax","C:\Windows\system32\fxssvc.exe"
"fdPHost","Function Discovery Provider Host","C:\Windows\system32\svchost.exe -k LocalService -p"
"FDResPub","Function Discovery Resource Publication","C:\Windows\system32\svchost.exe -k LocalServiceAndNoImpersonation -p"
"fhsvc","File History Service","C:\Windows\system32\svchost.exe -k LocalSystemNetworkRestricted -p"
"FontCache","Windows Font Cache Service","C:\Windows\system32\svchost.exe -k LocalService -p"
"FrameServer","Windows Camera Frame Server","C:\Windows\System32\svchost.exe -k Camera"
"gpsvc","Group Policy Client","C:\Windows\system32\svchost.exe -k netsvcs -p"
"GraphicsPerfSvc","GraphicsPerfSvc","C:\Windows\System32\svchost.exe -k GraphicsPerfSvcGroup"
"hidserv","Human Interface Device Service","C:\Windows\system32\svchost.exe -k LocalSystemNetworkRestricted -p"
"HvHost","HV Host Service","C:\Windows\system32\svchost.exe -k LocalSystemNetworkRestricted -p"
"icssvc","Windows Mobile Hotspot Service","C:\Windows\system32\svchost.exe -k LocalServiceNetworkRestricted -p"
"IKEEXT","IKE and AuthIP IPsec Keying Modules","C:\Windows\system32\svchost.exe -k netsvcs -p"
"InstallService","Microsoft Store Install Service","C:\Windows\System32\svchost.exe -k netsvcs -p"
"iphlpsvc","IP Helper","C:\Windows\System32\svchost.exe -k NetSvcs -p"
"IpxlatCfgSvc","IP Translation Configuration Service","C:\Windows\System32\svchost.exe -k LocalSystemNetworkRestricted -p"
"KeyIso","CNG Key Isolation","C:\Windows\system32\lsass.exe"
"KtmRm","KtmRm for Distributed Transaction Coordinator","C:\Windows\System32\svchost.exe -k NetworkServiceAndNoImpersonation -p"
"LanmanServer","Server","C:\Windows\system32\svchost.exe -k netsvcs -p"
"LanmanWorkstation","Workstation","C:\Windows\System32\svchost.exe -k NetworkService -p"
"lfsvc","Geolocation Service","C:\Windows\system32\svchost.exe -k netsvcs -p"
"LicenseManager","Windows License Manager Service","C:\Windows\System32\svchost.exe -k LocalService -p"
"lltdsvc","Link-Layer Topology Discovery Mapper","C:\Windows\System32\svchost.exe -k LocalService -p"
"lmhosts","TCP/IP NetBIOS Helper","C:\Windows\System32\svchost.exe -k LocalServiceNetworkRestricted -p"
"LSM","Local Session Manager","C:\Windows\system32\svchost.exe -k DcomLaunch -p"
"LxpSvc","Language Experience Service","C:\Windows\system32\svchost.exe -k netsvcs"
"MapsBroker","Downloaded Maps Manager","C:\Windows\System32\svchost.exe -k NetworkService -p"
"McpManagementService","McpManagementService","C:\Windows\system32\svchost.exe -k McpManagementServiceGroup"
"MicrosoftEdgeElevationService","Microsoft Edge Elevation Service (MicrosoftEdgeElevationService)","""C:\Program Files (x86)\Microsoft\Edge\Application\112.0.1722.39\elevation_service.exe"""
"MixedRealityOpenXRSvc","Windows Mixed Reality OpenXR Service","C:\Windows\system32\svchost.exe -k LocalSystemNetworkRestricted -p"
"MozillaMaintenance","Mozilla Maintenance Service","""C:\Program Files (x86)\Mozilla Maintenance Service\maintenanceservice.exe"""
"mpssvc","Windows Defender Firewall","C:\Windows\system32\svchost.exe -k LocalServiceNoNetworkFirewall -p"
"MSDTC","Distributed Transaction Coordinator","C:\Windows\System32\msdtc.exe"
"MSiSCSI","Microsoft iSCSI Initiator Service","C:\Windows\system32\svchost.exe -k netsvcs -p"
"msiserver","Windows Installer","C:\Windows\system32\msiexec.exe /V"
"MsKeyboardFilter","Microsoft Keyboard Filter","C:\Windows\system32\svchost.exe -k netsvcs -p"
"NaturalAuthentication","Natural Authentication","C:\Windows\system32\svchost.exe -k netsvcs -p"
"NcaSvc","Network Connectivity Assistant","C:\Windows\System32\svchost.exe -k NetSvcs -p"
"NcbService","Network Connection Broker","C:\Windows\System32\svchost.exe -k LocalSystemNetworkRestricted -p"
"NcdAutoSetup","Network Connected Devices Auto-Setup","C:\Windows\System32\svchost.exe -k LocalServiceNoNetwork -p"
"Netlogon","Netlogon","C:\Windows\system32\lsass.exe"
"Netman","Network Connections","C:\Windows\System32\svchost.exe -k LocalSystemNetworkRestricted -p"
"netprofm","Network List Service","C:\Windows\System32\svchost.exe -k LocalService -p"
"NetSetupSvc","Network Setup Service","C:\Windows\System32\svchost.exe -k netsvcs -p"
"NetTcpPortSharing","Net.Tcp Port Sharing Service","C:\Windows\Microsoft.NET\Framework64\v4.0.30319\SMSvcHost.exe"
"NgcCtnrSvc","Microsoft Passport Container","C:\Windows\system32\svchost.exe -k LocalServiceNetworkRestricted -p"
"NgcSvc","Microsoft Passport","C:\Windows\system32\svchost.exe -k LocalSystemNetworkRestricted -p"
"NlaSvc","Network Location Awareness","C:\Windows\System32\svchost.exe -k NetworkService -p"
"nsi","Network Store Interface Service","C:\Windows\system32\svchost.exe -k LocalService -p"
"p2pimsvc","Peer Networking Identity Manager","C:\Windows\System32\svchost.exe -k LocalServicePeerNet"
"p2psvc","Peer Networking Grouping","C:\Windows\System32\svchost.exe -k LocalServicePeerNet"
"PcaSvc","Program Compatibility Assistant Service","C:\Windows\system32\svchost.exe -k LocalSystemNetworkRestricted -p"
"PeerDistSvc","BranchCache","C:\Windows\System32\svchost.exe -k PeerDist"
"perceptionsimulation","Windows Perception Simulation Service","C:\Windows\system32\PerceptionSimulation\PerceptionSimulationService.exe"
"PerfHost","Performance Counter DLL Host","C:\Windows\SysWow64\perfhost.exe"
"PhoneSvc","Phone Service","C:\Windows\system32\svchost.exe -k LocalService -p"
"pla","Performance Logs & Alerts","C:\Windows\System32\svchost.exe -k LocalServiceNoNetwork -p"
"PlugPlay","Plug and Play","C:\Windows\system32\svchost.exe -k DcomLaunch -p"
"PNRPAutoReg","PNRP Machine Name Publication Service","C:\Windows\System32\svchost.exe -k LocalServicePeerNet"
"PNRPsvc","Peer Name Resolution Protocol","C:\Windows\System32\svchost.exe -k LocalServicePeerNet"
"PolicyAgent","IPsec Policy Agent","C:\Windows\system32\svchost.exe -k NetworkServiceNetworkRestricted -p"
"Power","Power","C:\Windows\system32\svchost.exe -k DcomLaunch -p"
"PrintNotify","Printer Extensions and Notifications","C:\Windows\system32\svchost.exe -k print"
"ProfSvc","User Profile Service","C:\Windows\system32\svchost.exe -k netsvcs -p"
"PushToInstall","Windows PushToInstall Service","C:\Windows\System32\svchost.exe -k netsvcs -p"
"QWAVE","Quality Windows Audio Video Experience","C:\Windows\system32\svchost.exe -k LocalServiceAndNoImpersonation -p"
"RasAuto","Remote Access Auto Connection Manager","C:\Windows\System32\svchost.exe -k netsvcs -p"
"RasMan","Remote Access Connection Manager","C:\Windows\System32\svchost.exe -k netsvcs"
"RemoteAccess","Routing and Remote Access","C:\Windows\System32\svchost.exe -k netsvcs"
"RemoteRegistry","Remote Registry","C:\Windows\system32\svchost.exe -k localService -p"
"RetailDemo","Retail Demo Service","C:\Windows\System32\svchost.exe -k rdxgroup"
"RmSvc","Radio Management Service","C:\Windows\System32\svchost.exe -k LocalServiceNetworkRestricted"
"RpcEptMapper","RPC Endpoint Mapper","C:\Windows\system32\svchost.exe -k RPCSS -p"
"RpcLocator","Remote Procedure Call (RPC) Locator","C:\Windows\system32\locator.exe"
"RpcSs","Remote Procedure Call (RPC)","C:\Windows\system32\svchost.exe -k rpcss -p"
"SamSs","Security Accounts Manager","C:\Windows\system32\lsass.exe"
"SCardSvr","Smart Card","C:\Windows\system32\svchost.exe -k LocalServiceAndNoImpersonation"
"ScDeviceEnum","Smart Card Device Enumeration Service","C:\Windows\system32\svchost.exe -k LocalSystemNetworkRestricted"
"Schedule","Task Scheduler","C:\Windows\system32\svchost.exe -k netsvcs -p"
"SCPolicySvc","Smart Card Removal Policy","C:\Windows\system32\svchost.exe -k netsvcs"
"SDRSVC","Windows Backup","C:\Windows\system32\svchost.exe -k SDRSVC"
"seclogon","Secondary Logon","C:\Windows\system32\svchost.exe -k netsvcs -p"
"SecurityHealthService","Windows Security Service","C:\Windows\system32\SecurityHealthService.exe"
"SEMgrSvc","Payments and NFC/SE Manager","C:\Windows\system32\svchost.exe -k LocalService -p"
"SENS","System Event Notification Service","C:\Windows\system32\svchost.exe -k netsvcs -p"
"Sense","Windows Defender Advanced Threat Protection Service","""C:\Program Files\Windows Defender Advanced Threat Protection\MsSense.exe"""
"SensorDataService","Sensor Data Service","C:\Windows\System32\SensorDataService.exe"
"SensorService","Sensor Service","C:\Windows\system32\svchost.exe -k LocalSystemNetworkRestricted -p"
"SensrSvc","Sensor Monitoring Service","C:\Windows\system32\svchost.exe -k LocalServiceAndNoImpersonation -p"
"SessionEnv","Remote Desktop Configuration","C:\Windows\System32\svchost.exe -k netsvcs -p"
"SgrmBroker","System Guard Runtime Monitor Broker","C:\Windows\system32\SgrmBroker.exe"
"SharedAccess","Internet Connection Sharing (ICS)","C:\Windows\System32\svchost.exe -k netsvcs -p"
"SharedRealitySvc","Spatial Data Service","C:\Windows\system32\svchost.exe -k LocalService -p"
"ShellHWDetection","Shell Hardware Detection","C:\Windows\System32\svchost.exe -k netsvcs -p"
"shpamsvc","Shared PC Account Manager","C:\Windows\System32\svchost.exe -k netsvcs -p"
"smphost","Microsoft Storage Spaces SMP","C:\Windows\System32\svchost.exe -k smphost"
"SmsRouter","Microsoft Windows SMS Router Service.","C:\Windows\system32\svchost.exe -k LocalServiceNetworkRestricted -p"
"SNMPTRAP","SNMP Trap","C:\Windows\System32\snmptrap.exe"
"spectrum","Windows Perception Service","C:\Windows\system32\spectrum.exe"
"Spooler","Print Spooler","C:\Windows\System32\spoolsv.exe"
"sppsvc","Software Protection","C:\Windows\system32\sppsvc.exe"
"SSDPSRV","SSDP Discovery","C:\Windows\system32\svchost.exe -k LocalServiceAndNoImpersonation -p"
"ssh-agent","OpenSSH Authentication Agent","C:\Windows\System32\OpenSSH\ssh-agent.exe"
"SstpSvc","Secure Socket Tunneling Protocol Service","C:\Windows\system32\svchost.exe -k LocalService -p"
"StateRepository","State Repository Service","C:\Windows\system32\svchost.exe -k appmodel -p"
"stisvc","Windows Image Acquisition (WIA)","C:\Windows\system32\svchost.exe -k imgsvc"
"StorSvc","Storage Service","C:\Windows\System32\svchost.exe -k LocalSystemNetworkRestricted -p"
"svsvc","Spot Verifier","C:\Windows\system32\svchost.exe -k LocalSystemNetworkRestricted -p"
"swprv","Microsoft Software Shadow Copy Provider","C:\Windows\System32\svchost.exe -k swprv"
"SysMain","SysMain","C:\Windows\system32\svchost.exe -k LocalSystemNetworkRestricted -p"
"SystemEventsBroker","System Events Broker","C:\Windows\system32\svchost.exe -k DcomLaunch -p"
"TabletInputService","Touch Keyboard and Handwriting Panel Service","C:\Windows\System32\svchost.exe -k LocalSystemNetworkRestricted -p"
"TapiSrv","Telephony","C:\Windows\System32\svchost.exe -k NetworkService -p"
"TermService","Remote Desktop Services","C:\Windows\System32\svchost.exe -k NetworkService"
"Themes","Themes","C:\Windows\System32\svchost.exe -k netsvcs -p"
"TieringEngineService","Storage Tiers Management","C:\Windows\system32\TieringEngineService.exe"
"TimeBrokerSvc","Time Broker","C:\Windows\system32\svchost.exe -k LocalServiceNetworkRestricted -p"
"TokenBroker","Web Account Manager","C:\Windows\system32\svchost.exe -k netsvcs -p"
"TrkWks","Distributed Link Tracking Client","C:\Windows\System32\svchost.exe -k LocalSystemNetworkRestricted -p"
"TroubleshootingSvc","Recommended Troubleshooting Service","C:\Windows\system32\svchost.exe -k netsvcs -p"
"TrustedInstaller","Windows Modules Installer","C:\Windows\servicing\TrustedInstaller.exe"
"tzautoupdate","Auto Time Zone Updater","C:\Windows\system32\svchost.exe -k LocalService -p"
"UevAgentService","User Experience Virtualization Service","C:\Windows\system32\AgentService.exe"
"UmRdpService","Remote Desktop Services UserMode Port Redirector","C:\Windows\System32\svchost.exe -k LocalSystemNetworkRestricted -p"
"upnphost","UPnP Device Host","C:\Windows\system32\svchost.exe -k LocalServiceAndNoImpersonation -p"
"UserManager","User Manager","C:\Windows\system32\svchost.exe -k netsvcs -p"
"UsoSvc","Update Orchestrator Service","C:\Windows\system32\svchost.exe -k netsvcs -p"
"VacSvc","Volumetric Audio Compositor Service","C:\Windows\System32\svchost.exe -k LocalServiceNetworkRestricted -p"
"VaultSvc","Credential Manager","C:\Windows\system32\lsass.exe"
"vds","Virtual Disk","C:\Windows\System32\vds.exe"
"VGAuthService","VMware Alias Manager and Ticket Service","""C:\Program Files\VMware\VMware Tools\VMware VGAuth\VGAuthService.exe"""
"vm3dservice","VMware SVGA Helper Service","C:\Windows\system32\vm3dservice.exe"
"vmicguestinterface","Hyper-V Guest Service Interface","C:\Windows\system32\svchost.exe -k LocalSystemNetworkRestricted -p"
"vmicheartbeat","Hyper-V Heartbeat Service","C:\Windows\system32\svchost.exe -k ICService -p"
"vmickvpexchange","Hyper-V Data Exchange Service","C:\Windows\system32\svchost.exe -k LocalSystemNetworkRestricted -p"
"vmicrdv","Hyper-V Remote Desktop Virtualization Service","C:\Windows\system32\svchost.exe -k ICService -p"
"vmicshutdown","Hyper-V Guest Shutdown Service","C:\Windows\system32\svchost.exe -k LocalSystemNetworkRestricted -p"
"vmictimesync","Hyper-V Time Synchronization Service","C:\Windows\system32\svchost.exe -k LocalServiceNetworkRestricted -p"
"vmicvmsession","Hyper-V PowerShell Direct Service","C:\Windows\system32\svchost.exe -k LocalSystemNetworkRestricted -p"
"vmicvss","Hyper-V Volume Shadow Copy Requestor","C:\Windows\system32\svchost.exe -k LocalSystemNetworkRestricted -p"
"VMTools","VMware Tools","""C:\Program Files\VMware\VMware Tools\vmtoolsd.exe"""
"vmvss","VMware Snapshot Provider","C:\Windows\system32\dllhost.exe /Processid:{4EF6AF81-F123-4A29-B3DE-8BE31639D2D5}"
"VSS","Volume Shadow Copy","C:\Windows\system32\vssvc.exe"
"W32Time","Windows Time","C:\Windows\system32\svchost.exe -k LocalService"
"WaaSMedicSvc","Windows Update Medic Service","C:\Windows\system32\svchost.exe -k wusvcs -p"
"WalletService","WalletService","C:\Windows\System32\svchost.exe -k appmodel -p"
"WarpJITSvc","WarpJITSvc","C:\Windows\System32\svchost.exe -k LocalServiceNetworkRestricted"
"wbengine","Block Level Backup Engine Service","""C:\Windows\system32\wbengine.exe"""
"WbioSrvc","Windows Biometric Service","C:\Windows\system32\svchost.exe -k WbioSvcGroup"
"Wcmsvc","Windows Connection Manager","C:\Windows\system32\svchost.exe -k LocalServiceNetworkRestricted -p"
"wcncsvc","Windows Connect Now - Config Registrar","C:\Windows\System32\svchost.exe -k LocalServiceAndNoImpersonation -p"
"WdiServiceHost","Diagnostic Service Host","C:\Windows\System32\svchost.exe -k LocalService -p"
"WdiSystemHost","Diagnostic System Host","C:\Windows\System32\svchost.exe -k LocalSystemNetworkRestricted -p"
"WdNisSvc","Microsoft Defender Antivirus Network Inspection Service","""C:\ProgramData\Microsoft\Windows Defender\Platform\4.18.2303.8-0\NisSrv.exe"""
"WebClient","WebClient","C:\Windows\system32\svchost.exe -k LocalService -p"
"Wecsvc","Windows Event Collector","C:\Windows\system32\svchost.exe -k NetworkService -p"
"WEPHOSTSVC","Windows Encryption Provider Host Service","C:\Windows\system32\svchost.exe -k WepHostSvcGroup"
"wercplsupport","Problem Reports Control Panel Support","C:\Windows\System32\svchost.exe -k netsvcs -p"
"WerSvc","Windows Error Reporting Service","C:\Windows\System32\svchost.exe -k WerSvcGroup"
"WFDSConMgrSvc","Wi-Fi Direct Services Connection Manager Service","C:\Windows\system32\svchost.exe -k LocalServiceNetworkRestricted -p"
"WiaRpc","Still Image Acquisition Events","C:\Windows\system32\svchost.exe -k LocalSystemNetworkRestricted -p"
"WinDefend","Microsoft Defender Antivirus Service","""C:\ProgramData\Microsoft\Windows Defender\Platform\4.18.2303.8-0\MsMpEng.exe"""
"WinHttpAutoProxySvc","WinHTTP Web Proxy Auto-Discovery Service","C:\Windows\system32\svchost.exe -k LocalServiceNetworkRestricted -p"
"Winmgmt","Windows Management Instrumentation","C:\Windows\system32\svchost.exe -k netsvcs -p"
"WinRM","Windows Remote Management (WS-Management)","C:\Windows\System32\svchost.exe -k NetworkService -p"
"wisvc","Windows Insider Service","C:\Windows\system32\svchost.exe -k netsvcs -p"
"WlanSvc","WLAN AutoConfig","C:\Windows\system32\svchost.exe -k LocalSystemNetworkRestricted -p"
"wlidsvc","Microsoft Account Sign-in Assistant","C:\Windows\system32\svchost.exe -k netsvcs -p"
"wlpasvc","Local Profile Assistant Service","C:\Windows\system32\svchost.exe -k LocalServiceNetworkRestricted -p"
"WManSvc","Windows Management Service","C:\Windows\system32\svchost.exe -k netsvcs -p"
"wmiApSrv","WMI Performance Adapter","C:\Windows\system32\wbem\WmiApSrv.exe"
"WMPNetworkSvc","Windows Media Player Network Sharing Service","""C:\Program Files\Windows Media Player\wmpnetwk.exe"""
"workfolderssvc","Work Folders","C:\Windows\System32\svchost.exe -k LocalService -p"
"WpcMonSvc","Parental Controls","C:\Windows\system32\svchost.exe -k LocalService"
"WPDBusEnum","Portable Device Enumerator Service","C:\Windows\system32\svchost.exe -k LocalSystemNetworkRestricted"
"WpnService","Windows Push Notifications System Service","C:\Windows\system32\svchost.exe -k netsvcs -p"
"wscsvc","Security Center","C:\Windows\System32\svchost.exe -k LocalServiceNetworkRestricted -p"
"WSearch","Windows Search","C:\Windows\system32\SearchIndexer.exe /Embedding"
"wuauserv","Windows Update","C:\Windows\system32\svchost.exe -k netsvcs -p"
"WwanSvc","WWAN AutoConfig","C:\Windows\system32\svchost.exe -k LocalSystemNetworkRestricted -p"
"XblAuthManager","Xbox Live Auth Manager","C:\Windows\system32\svchost.exe -k netsvcs -p"
"XblGameSave","Xbox Live Game Save","C:\Windows\system32\svchost.exe -k netsvcs -p"
"XboxGipSvc","Xbox Accessory Management Service","C:\Windows\system32\svchost.exe -k netsvcs -p"
"XboxNetApiSvc","Xbox Live Networking Service","C:\Windows\system32\svchost.exe -k netsvcs -p"
"AarSvc_2229b","AarSvc_2229b","C:\Windows\system32\svchost.exe -k AarSvcGroup -p"
"BcastDVRUserService_2229b","BcastDVRUserService_2229b","C:\Windows\system32\svchost.exe -k BcastDVRUserService"
"BluetoothUserService_2229b","BluetoothUserService_2229b","C:\Windows\system32\svchost.exe -k BthAppGroup -p"
"CaptureService_2229b","CaptureService_2229b","C:\Windows\system32\svchost.exe -k LocalService -p"
"cbdhsvc_2229b","cbdhsvc_2229b","C:\Windows\system32\svchost.exe -k ClipboardSvcGroup -p"
"CDPUserSvc_2229b","CDPUserSvc_2229b","C:\Windows\system32\svchost.exe -k UnistackSvcGroup"
"ConsentUxUserSvc_2229b","ConsentUxUserSvc_2229b","C:\Windows\system32\svchost.exe -k DevicesFlow"
"CredentialEnrollmentManagerUserSvc_2229b","CredentialEnrollmentManagerUserSvc_2229b","C:\Windows\system32\CredentialEnrollmentManager.exe"
"DeviceAssociationBrokerSvc_2229b","DeviceAssociationBrokerSvc_2229b","C:\Windows\system32\svchost.exe -k DevicesFlow -p"
"DevicePickerUserSvc_2229b","DevicePickerUserSvc_2229b","C:\Windows\system32\svchost.exe -k DevicesFlow"
"DevicesFlowUserSvc_2229b","DevicesFlowUserSvc_2229b","C:\Windows\system32\svchost.exe -k DevicesFlow"
"MessagingService_2229b","MessagingService_2229b","C:\Windows\system32\svchost.exe -k UnistackSvcGroup"
"OneSyncSvc_2229b","OneSyncSvc_2229b","C:\Windows\system32\svchost.exe -k UnistackSvcGroup"
"PimIndexMaintenanceSvc_2229b","PimIndexMaintenanceSvc_2229b","C:\Windows\system32\svchost.exe -k UnistackSvcGroup"
"PrintWorkflowUserSvc_2229b","PrintWorkflowUserSvc_2229b","C:\Windows\system32\svchost.exe -k PrintWorkflow"
"UdkUserSvc_2229b","UdkUserSvc_2229b","C:\Windows\system32\svchost.exe -k UdkSvcGroup"
"UnistoreSvc_2229b","UnistoreSvc_2229b","C:\Windows\System32\svchost.exe -k UnistackSvcGroup"
"UserDataSvc_2229b","UserDataSvc_2229b","C:\Windows\system32\svchost.exe -k UnistackSvcGroup"
"WpnUserService_2229b","WpnUserService_2229b","C:\Windows\system32\svchost.exe -k UnistackSvcGroup"
"uhssvc","Microsoft Update Health Service","""C:\Program Files\Microsoft Update Health Tools\uhssvc.exe"""
